sku_id,date,actual,forecast,model
SKU-001,2025-05-27,15.0,8.0,naive
SKU-001,2025-05-28,15.0,8.0,naive
SKU-001,2025-05-29,12.0,8.0,naive
SKU-001,2025-05-30,9.0,8.0,naive
SKU-001,2025-05-31,17.0,8.0,naive
SKU-001,2025-06-01,21.0,8.0,naive
SKU-001,2025-06-02,19.0,8.0,naive
SKU-001,2025-06-03,10.0,8.0,naive
SKU-001,2025-06-04,8.0,8.0,naive
SKU-001,2025-06-05,6.0,8.0,naive
SKU-001,2025-06-06,11.0,8.0,naive
SKU-001,2025-06-07,14.0,8.0,naive
SKU-001,2025-06-08,13.0,8.0,naive
SKU-001,2025-06-09,13.0,8.0,naive
SKU-001,2025-06-10,13.0,8.0,naive
SKU-001,2025-06-11,15.0,8.0,naive
SKU-001,2025-06-12,13.0,8.0,naive
SKU-001,2025-06-13,16.0,8.0,naive
SKU-001,2025-06-14,18.0,8.0,naive
SKU-001,2025-06-15,20.0,8.0,naive
SKU-001,2025-06-16,8.0,8.0,naive
SKU-001,2025-06-17,22.0,8.0,naive
SKU-001,2025-06-18,8.0,8.0,naive
SKU-001,2025-06-19,13.0,8.0,naive
SKU-001,2025-06-20,13.0,8.0,naive
SKU-001,2025-06-21,19.0,8.0,naive
SKU-001,2025-06-22,23.0,8.0,naive
SKU-001,2025-06-23,11.0,8.0,naive
SKU-001,2025-05-27,15.0,12.0,seasonal_naive
SKU-001,2025-05-28,15.0,17.0,seasonal_naive
SKU-001,2025-05-29,12.0,16.0,seasonal_naive
SKU-001,2025-05-30,9.0,11.0,seasonal_naive
SKU-001,2025-05-31,17.0,25.0,seasonal_naive
SKU-001,2025-06-01,21.0,20.0,seasonal_naive
SKU-001,2025-06-02,19.0,8.0,seasonal_naive
SKU-001,2025-06-03,10.0,12.0,seasonal_naive
SKU-001,2025-06-04,8.0,17.0,seasonal_naive
SKU-001,2025-06-05,6.0,16.0,seasonal_naive
SKU-001,2025-06-06,11.0,11.0,seasonal_naive
SKU-001,2025-06-07,14.0,25.0,seasonal_naive
SKU-001,2025-06-08,13.0,20.0,seasonal_naive
SKU-001,2025-06-09,13.0,8.0,seasonal_naive
SKU-001,2025-06-10,13.0,12.0,seasonal_naive
SKU-001,2025-06-11,15.0,17.0,seasonal_naive
SKU-001,2025-06-12,13.0,16.0,seasonal_naive
SKU-001,2025-06-13,16.0,11.0,seasonal_naive
SKU-001,2025-06-14,18.0,25.0,seasonal_naive
SKU-001,2025-06-15,20.0,20.0,seasonal_naive
SKU-001,2025-06-16,8.0,8.0,seasonal_naive
SKU-001,2025-06-17,22.0,12.0,seasonal_naive
SKU-001,2025-06-18,8.0,17.0,seasonal_naive
SKU-001,2025-06-19,13.0,16.0,seasonal_naive
SKU-001,2025-06-20,13.0,11.0,seasonal_naive
SKU-001,2025-06-21,19.0,25.0,seasonal_naive
SKU-001,2025-06-22,23.0,20.0,seasonal_naive
SKU-001,2025-06-23,11.0,8.0,seasonal_naive
SKU-001,2025-05-27,15.0,15.571428571428571,moving_average_7
SKU-001,2025-05-28,15.0,16.081632653061224,moving_average_7
SKU-001,2025-05-29,12.0,15.950437317784255,moving_average_7
SKU-001,2025-05-30,9.0,15.943356934610577,moving_average_7
SKU-001,2025-05-31,17.0,16.64955078241209,moving_average_7
SKU-001,2025-06-01,21.0,15.456629465613815,moving_average_7
SKU-001,2025-06-02,19.0,14.807576532130074,moving_average_7
SKU-001,2025-06-03,10.0,15.780087465291516,moving_average_7
SKU-001,2025-06-04,8.0,15.809895878700505,moving_average_7
SKU-001,2025-06-05,6.0,15.771076339506118,moving_average_7
SKU-001,2025-06-06,11.0,15.745453342609242,moving_average_7
SKU-001,2025-06-07,14.0,15.717181400894765,moving_average_7
SKU-001,2025-06-08,13.0,15.583985774963718,moving_average_7
SKU-001,2025-06-09,13.0,15.602179533442277,moving_average_7
SKU-001,2025-06-10,13.0,15.715694247915449,moving_average_7
SKU-001,2025-06-11,15.0,15.706495216861725,moving_average_7
SKU-001,2025-06-12,13.0,15.691723693741901,moving_average_7
SKU-001,2025-06-13,16.0,15.680387601489867,moving_average_7
SKU-001,2025-06-14,18.0,15.671092495615673,moving_average_7
SKU-001,2025-06-15,20.0,15.664508366290088,moving_average_7
SKU-001,2025-06-16,8.0,15.676011593622425,moving_average_7
SKU-001,2025-06-17,22.0,15.686559030791019,moving_average_7
SKU-001,2025-06-18,8.0,15.6823968569161,moving_average_7
SKU-001,2025-06-19,13.0,15.678954234066724,moving_average_7
SKU-001,2025-06-20,13.0,15.6771300255417,moving_average_7
SKU-001,2025-06-21,19.0,15.676664657549102,moving_average_7
SKU-001,2025-06-22,23.0,15.677460680682449,moving_average_7
SKU-001,2025-06-23,11.0,15.67931101130993,moving_average_7
SKU-001,2025-05-27,15.0,12.805078767024618,hist_gradient_boosting
SKU-001,2025-05-28,15.0,10.606079967098818,hist_gradient_boosting
SKU-001,2025-05-29,12.0,9.955462497980196,hist_gradient_boosting
SKU-001,2025-05-30,9.0,14.427348637249192,hist_gradient_boosting
SKU-001,2025-05-31,17.0,14.752546075570661,hist_gradient_boosting
SKU-001,2025-06-01,21.0,17.362668881587222,hist_gradient_boosting
SKU-001,2025-06-02,19.0,13.975437084413977,hist_gradient_boosting
SKU-001,2025-06-03,10.0,15.62173832181006,hist_gradient_boosting
SKU-001,2025-06-04,8.0,14.588355558985397,hist_gradient_boosting
SKU-001,2025-06-05,6.0,14.616741742511508,hist_gradient_boosting
SKU-001,2025-06-06,11.0,14.830223473516634,hist_gradient_boosting
SKU-001,2025-06-07,14.0,14.749806808588227,hist_gradient_boosting
SKU-001,2025-06-08,13.0,16.311103011983054,hist_gradient_boosting
SKU-001,2025-06-09,13.0,14.040581611530031,hist_gradient_boosting
SKU-001,2025-06-10,13.0,10.44938618987688,hist_gradient_boosting
SKU-001,2025-06-11,15.0,12.635725089197997,hist_gradient_boosting
SKU-001,2025-06-12,13.0,11.70920330038192,hist_gradient_boosting
SKU-001,2025-06-13,16.0,11.61023610792478,hist_gradient_boosting
SKU-001,2025-06-14,18.0,16.23377942673667,hist_gradient_boosting
SKU-001,2025-06-15,20.0,14.476349190155872,hist_gradient_boosting
SKU-001,2025-06-16,8.0,14.011857179493592,hist_gradient_boosting
SKU-001,2025-06-17,22.0,12.454398547790937,hist_gradient_boosting
SKU-001,2025-06-18,8.0,13.683800587047914,hist_gradient_boosting
SKU-001,2025-06-19,13.0,12.290997015517817,hist_gradient_boosting
SKU-001,2025-06-20,13.0,13.481344580270727,hist_gradient_boosting
SKU-001,2025-06-21,19.0,13.839771006121499,hist_gradient_boosting
SKU-001,2025-06-22,23.0,14.640916544328016,hist_gradient_boosting
SKU-001,2025-06-23,11.0,9.983238068528202,hist_gradient_boosting
SKU-002,2025-05-27,20.0,14.0,naive
SKU-002,2025-05-28,16.0,14.0,naive
SKU-002,2025-05-29,16.0,14.0,naive
SKU-002,2025-05-30,18.0,14.0,naive
SKU-002,2025-05-31,24.0,14.0,naive
SKU-002,2025-06-01,19.0,14.0,naive
SKU-002,2025-06-02,15.0,14.0,naive
SKU-002,2025-06-03,16.0,14.0,naive
SKU-002,2025-06-04,16.0,14.0,naive
SKU-002,2025-06-05,18.0,14.0,naive
SKU-002,2025-06-06,12.0,14.0,naive
SKU-002,2025-06-07,23.0,14.0,naive
SKU-002,2025-06-08,21.0,14.0,naive
SKU-002,2025-06-09,20.0,14.0,naive
SKU-002,2025-06-10,28.0,14.0,naive
SKU-002,2025-06-11,8.0,14.0,naive
SKU-002,2025-06-12,20.0,14.0,naive
SKU-002,2025-06-13,15.0,14.0,naive
SKU-002,2025-06-14,26.0,14.0,naive
SKU-002,2025-06-15,15.0,14.0,naive
SKU-002,2025-06-16,20.0,14.0,naive
SKU-002,2025-06-17,14.0,14.0,naive
SKU-002,2025-06-18,15.0,14.0,naive
SKU-002,2025-06-19,15.0,14.0,naive
SKU-002,2025-06-20,25.0,14.0,naive
SKU-002,2025-06-21,31.0,14.0,naive
SKU-002,2025-06-22,29.0,14.0,naive
SKU-002,2025-06-23,13.0,14.0,naive
SKU-002,2025-05-27,20.0,20.0,seasonal_naive
SKU-002,2025-05-28,16.0,19.0,seasonal_naive
SKU-002,2025-05-29,16.0,19.0,seasonal_naive
SKU-002,2025-05-30,18.0,27.0,seasonal_naive
SKU-002,2025-05-31,24.0,27.0,seasonal_naive
SKU-002,2025-06-01,19.0,33.0,seasonal_naive
SKU-002,2025-06-02,15.0,14.0,seasonal_naive
SKU-002,2025-06-03,16.0,20.0,seasonal_naive
SKU-002,2025-06-04,16.0,19.0,seasonal_naive
SKU-002,2025-06-05,18.0,19.0,seasonal_naive
SKU-002,2025-06-06,12.0,27.0,seasonal_naive
SKU-002,2025-06-07,23.0,27.0,seasonal_naive
SKU-002,2025-06-08,21.0,33.0,seasonal_naive
SKU-002,2025-06-09,20.0,14.0,seasonal_naive
SKU-002,2025-06-10,28.0,20.0,seasonal_naive
SKU-002,2025-06-11,8.0,19.0,seasonal_naive
SKU-002,2025-06-12,20.0,19.0,seasonal_naive
SKU-002,2025-06-13,15.0,27.0,seasonal_naive
SKU-002,2025-06-14,26.0,27.0,seasonal_naive
SKU-002,2025-06-15,15.0,33.0,seasonal_naive
SKU-002,2025-06-16,20.0,14.0,seasonal_naive
SKU-002,2025-06-17,14.0,20.0,seasonal_naive
SKU-002,2025-06-18,15.0,19.0,seasonal_naive
SKU-002,2025-06-19,15.0,19.0,seasonal_naive
SKU-002,2025-06-20,25.0,27.0,seasonal_naive
SKU-002,2025-06-21,31.0,27.0,seasonal_naive
SKU-002,2025-06-22,29.0,33.0,seasonal_naive
SKU-002,2025-06-23,13.0,14.0,seasonal_naive
SKU-002,2025-05-27,20.0,22.714285714285715,moving_average_7
SKU-002,2025-05-28,16.0,23.102040816326532,moving_average_7
SKU-002,2025-05-29,16.0,23.688046647230323,moving_average_7
SKU-002,2025-05-30,18.0,24.357767596834655,moving_average_7
SKU-002,2025-05-31,24.0,23.98030582495389,moving_average_7
SKU-002,2025-06-01,19.0,23.548920942804447,moving_average_7
SKU-002,2025-06-02,15.0,22.198766791776507,moving_average_7
SKU-002,2025-06-03,16.0,23.37001919060172,moving_average_7
SKU-002,2025-06-04,16.0,23.46369540150401,moving_average_7
SKU-002,2025-06-05,18.0,23.515360342243646,moving_average_7
SKU-002,2025-06-06,12.0,23.490690870102696,moving_average_7
SKU-002,2025-06-07,23.0,23.366822766283843,moving_average_7
SKU-002,2025-06-08,21.0,23.27918232933098,moving_average_7
SKU-002,2025-06-09,20.0,23.24064824169191,moving_average_7
SKU-002,2025-06-10,28.0,23.389488448822682,moving_average_7
SKU-002,2025-06-11,8.0,23.392269771425678,moving_average_7
SKU-002,2025-06-12,20.0,23.382066109985917,moving_average_7
SKU-002,2025-06-13,15.0,23.363024076806244,moving_average_7
SKU-002,2025-06-14,26.0,23.34478596347818,moving_average_7
SKU-002,2025-06-15,15.0,23.34163784879166,moving_average_7
SKU-002,2025-06-16,20.0,23.35056006585747,moving_average_7
SKU-002,2025-06-17,14.0,23.366261755023977,moving_average_7
SKU-002,2025-06-18,15.0,23.362943655909877,moving_average_7
SKU-002,2025-06-19,15.0,23.35875421083619,moving_average_7
SKU-002,2025-06-20,25.0,23.355423939529086,moving_average_7
SKU-002,2025-06-21,31.0,23.35433820563235,moving_average_7
SKU-002,2025-06-22,29.0,23.355702811654375,moving_average_7
SKU-002,2025-06-23,13.0,23.357712092063334,moving_average_7
SKU-002,2025-05-27,20.0,18.68128453710496,hist_gradient_boosting
SKU-002,2025-05-28,16.0,17.549297202365818,hist_gradient_boosting
SKU-002,2025-05-29,16.0,18.142107952778655,hist_gradient_boosting
SKU-002,2025-05-30,18.0,19.752759168040146,hist_gradient_boosting
SKU-002,2025-05-31,24.0,23.99033591109925,hist_gradient_boosting
SKU-002,2025-06-01,19.0,25.316737754724596,hist_gradient_boosting
SKU-002,2025-06-02,15.0,16.33490579945264,hist_gradient_boosting
SKU-002,2025-06-03,16.0,17.355553885148492,hist_gradient_boosting
SKU-002,2025-06-04,16.0,16.79261102306807,hist_gradient_boosting
SKU-002,2025-06-05,18.0,16.999493895281738,hist_gradient_boosting
SKU-002,2025-06-06,12.0,16.396658315369535,hist_gradient_boosting
SKU-002,2025-06-07,23.0,26.235769823776668,hist_gradient_boosting
SKU-002,2025-06-08,21.0,27.036689957948415,hist_gradient_boosting
SKU-002,2025-06-09,20.0,17.84117707437008,hist_gradient_boosting
SKU-002,2025-06-10,28.0,17.818360477455144,hist_gradient_boosting
SKU-002,2025-06-11,8.0,18.82933278873089,hist_gradient_boosting
SKU-002,2025-06-12,20.0,18.885668950073377,hist_gradient_boosting
SKU-002,2025-06-13,15.0,20.253018192375272,hist_gradient_boosting
SKU-002,2025-06-14,26.0,25.436933283274225,hist_gradient_boosting
SKU-002,2025-06-15,15.0,24.37258219658671,hist_gradient_boosting
SKU-002,2025-06-16,20.0,17.803368923488147,hist_gradient_boosting
SKU-002,2025-06-17,14.0,19.38464518487596,hist_gradient_boosting
SKU-002,2025-06-18,15.0,19.377517252721695,hist_gradient_boosting
SKU-002,2025-06-19,15.0,19.84705416985989,hist_gradient_boosting
SKU-002,2025-06-20,25.0,17.47080804016271,hist_gradient_boosting
SKU-002,2025-06-21,31.0,24.038851284952564,hist_gradient_boosting
SKU-002,2025-06-22,29.0,25.120385940269326,hist_gradient_boosting
SKU-002,2025-06-23,13.0,15.383778867956897,hist_gradient_boosting
SKU-003,2025-05-27,14.0,11.0,naive
SKU-003,2025-05-28,8.0,11.0,naive
SKU-003,2025-05-29,12.0,11.0,naive
SKU-003,2025-05-30,7.0,11.0,naive
SKU-003,2025-05-31,13.0,11.0,naive
SKU-003,2025-06-01,14.0,11.0,naive
SKU-003,2025-06-02,11.0,11.0,naive
SKU-003,2025-06-03,9.0,11.0,naive
SKU-003,2025-06-04,8.0,11.0,naive
SKU-003,2025-06-05,12.0,11.0,naive
SKU-003,2025-06-06,8.0,11.0,naive
SKU-003,2025-06-07,7.0,11.0,naive
SKU-003,2025-06-08,4.0,11.0,naive
SKU-003,2025-06-09,7.0,11.0,naive
SKU-003,2025-06-10,12.0,11.0,naive
SKU-003,2025-06-11,9.0,11.0,naive
SKU-003,2025-06-12,11.0,11.0,naive
SKU-003,2025-06-13,8.0,11.0,naive
SKU-003,2025-06-14,10.0,11.0,naive
SKU-003,2025-06-15,11.0,11.0,naive
SKU-003,2025-06-16,5.0,11.0,naive
SKU-003,2025-06-17,7.0,11.0,naive
SKU-003,2025-06-18,4.0,11.0,naive
SKU-003,2025-06-19,4.0,11.0,naive
SKU-003,2025-06-20,9.0,11.0,naive
SKU-003,2025-06-21,13.0,11.0,naive
SKU-003,2025-06-22,10.0,11.0,naive
SKU-003,2025-06-23,7.0,11.0,naive
SKU-003,2025-05-27,14.0,17.0,seasonal_naive
SKU-003,2025-05-28,8.0,8.0,seasonal_naive
SKU-003,2025-05-29,12.0,9.0,seasonal_naive
SKU-003,2025-05-30,7.0,12.0,seasonal_naive
SKU-003,2025-05-31,13.0,16.0,seasonal_naive
SKU-003,2025-06-01,14.0,24.0,seasonal_naive
SKU-003,2025-06-02,11.0,11.0,seasonal_naive
SKU-003,2025-06-03,9.0,17.0,seasonal_naive
SKU-003,2025-06-04,8.0,8.0,seasonal_naive
SKU-003,2025-06-05,12.0,9.0,seasonal_naive
SKU-003,2025-06-06,8.0,12.0,seasonal_naive
SKU-003,2025-06-07,7.0,16.0,seasonal_naive
SKU-003,2025-06-08,4.0,24.0,seasonal_naive
SKU-003,2025-06-09,7.0,11.0,seasonal_naive
SKU-003,2025-06-10,12.0,17.0,seasonal_naive
SKU-003,2025-06-11,9.0,8.0,seasonal_naive
SKU-003,2025-06-12,11.0,9.0,seasonal_naive
SKU-003,2025-06-13,8.0,12.0,seasonal_naive
SKU-003,2025-06-14,10.0,16.0,seasonal_naive
SKU-003,2025-06-15,11.0,24.0,seasonal_naive
SKU-003,2025-06-16,5.0,11.0,seasonal_naive
SKU-003,2025-06-17,7.0,17.0,seasonal_naive
SKU-003,2025-06-18,4.0,8.0,seasonal_naive
SKU-003,2025-06-19,4.0,9.0,seasonal_naive
SKU-003,2025-06-20,9.0,12.0,seasonal_naive
SKU-003,2025-06-21,13.0,16.0,seasonal_naive
SKU-003,2025-06-22,10.0,24.0,seasonal_naive
SKU-003,2025-06-23,7.0,11.0,seasonal_naive
SKU-003,2025-05-27,14.0,13.857142857142858,moving_average_7
SKU-003,2025-05-28,8.0,13.408163265306124,moving_average_7
SKU-003,2025-05-29,12.0,14.180758017492712,moving_average_7
SKU-003,2025-05-30,7.0,14.920866305705957,moving_average_7
SKU-003,2025-05-31,13.0,15.338132920806808,moving_average_7
SKU-003,2025-06-01,14.0,15.243580480922066,moving_average_7
SKU-003,2025-06-02,11.0,13.992663406768076,moving_average_7
SKU-003,2025-06-03,9.0,14.420186750592086,moving_average_7
SKU-003,2025-06-04,8.0,14.500621592513403,moving_average_7
SKU-003,2025-06-05,12.0,14.656687067828727,moving_average_7
SKU-003,2025-06-06,8.0,14.724676932162444,moving_average_7
SKU-003,2025-06-07,7.0,14.696649878799088,moving_average_7
SKU-003,2025-06-08,4.0,14.605009444226557,moving_average_7
SKU-003,2025-06-09,7.0,14.513785010412912,moving_average_7
SKU-003,2025-06-10,12.0,14.588230953790745,moving_average_7
SKU-003,2025-06-11,9.0,14.612237268533411,moving_average_7
SKU-003,2025-06-12,11.0,14.628182365107696,moving_average_7
SKU-003,2025-06-13,8.0,14.624110264718977,moving_average_7
SKU-003,2025-06-14,10.0,14.60974359794134,moving_average_7
SKU-003,2025-06-15,11.0,14.597328414961664,moving_average_7
SKU-003,2025-06-16,5.0,14.59623112506668,moving_average_7
SKU-003,2025-06-17,7.0,14.60800914144579,moving_average_7
SKU-003,2025-06-18,4.0,14.61083459682508,moving_average_7
SKU-003,2025-06-19,4.0,14.610634215152462,moving_average_7
SKU-003,2025-06-20,9.0,14.608127336587428,moving_average_7
SKU-003,2025-06-21,13.0,14.605844061140063,moving_average_7
SKU-003,2025-06-22,10.0,14.605286984454168,moving_average_7
SKU-003,2025-06-23,7.0,14.606423922953097,moving_average_7
SKU-003,2025-05-27,14.0,6.570501058870939,hist_gradient_boosting
SKU-003,2025-05-28,8.0,9.474270025512935,hist_gradient_boosting
SKU-003,2025-05-29,12.0,7.995594328307501,hist_gradient_boosting
SKU-003,2025-05-30,7.0,10.222490629840756,hist_gradient_boosting
SKU-003,2025-05-31,13.0,12.333054431458477,hist_gradient_boosting
SKU-003,2025-06-01,14.0,11.852225762805496,hist_gradient_boosting
SKU-003,2025-06-02,11.0,7.327444025312436,hist_gradient_boosting
SKU-003,2025-06-03,9.0,9.616288442216593,hist_gradient_boosting
SKU-003,2025-06-04,8.0,9.193443872114052,hist_gradient_boosting
SKU-003,2025-06-05,12.0,9.562782270959362,hist_gradient_boosting
SKU-003,2025-06-06,8.0,8.57246062844759,hist_gradient_boosting
SKU-003,2025-06-07,7.0,13.737570482308987,hist_gradient_boosting
SKU-003,2025-06-08,4.0,13.314991523588617,hist_gradient_boosting
SKU-003,2025-06-09,7.0,7.311348608091956,hist_gradient_boosting
SKU-003,2025-06-10,12.0,7.486766244580695,hist_gradient_boosting
SKU-003,2025-06-11,9.0,7.049686806376247,hist_gradient_boosting
SKU-003,2025-06-12,11.0,7.217512975637416,hist_gradient_boosting
SKU-003,2025-06-13,8.0,9.065393650336418,hist_gradient_boosting
SKU-003,2025-06-14,10.0,15.960692918385899,hist_gradient_boosting
SKU-003,2025-06-15,11.0,15.27519943348513,hist_gradient_boosting
SKU-003,2025-06-16,5.0,7.435073098487107,hist_gradient_boosting
SKU-003,2025-06-17,7.0,7.670675270179599,hist_gradient_boosting
SKU-003,2025-06-18,4.0,8.762635789889929,hist_gradient_boosting
SKU-003,2025-06-19,4.0,8.92940969528323,hist_gradient_boosting
SKU-003,2025-06-20,9.0,9.92474984500217,hist_gradient_boosting
SKU-003,2025-06-21,13.0,12.210190601948854,hist_gradient_boosting
SKU-003,2025-06-22,10.0,10.849194728472964,hist_gradient_boosting
SKU-003,2025-06-23,7.0,8.854156495477428,hist_gradient_boosting
SKU-004,2025-05-27,9.0,7.0,naive
SKU-004,2025-05-28,7.0,7.0,naive
SKU-004,2025-05-29,8.0,7.0,naive
SKU-004,2025-05-30,2.0,7.0,naive
SKU-004,2025-05-31,8.0,7.0,naive
SKU-004,2025-06-01,6.0,7.0,naive
SKU-004,2025-06-02,5.0,7.0,naive
SKU-004,2025-06-03,3.0,7.0,naive
SKU-004,2025-06-04,8.0,7.0,naive
SKU-004,2025-06-05,4.0,7.0,naive
SKU-004,2025-06-06,8.0,7.0,naive
SKU-004,2025-06-07,8.0,7.0,naive
SKU-004,2025-06-08,13.0,7.0,naive
SKU-004,2025-06-09,7.0,7.0,naive
SKU-004,2025-06-10,4.0,7.0,naive
SKU-004,2025-06-11,8.0,7.0,naive
SKU-004,2025-06-12,5.0,7.0,naive
SKU-004,2025-06-13,4.0,7.0,naive
SKU-004,2025-06-14,8.0,7.0,naive
SKU-004,2025-06-15,11.0,7.0,naive
SKU-004,2025-06-16,5.0,7.0,naive
SKU-004,2025-06-17,8.0,7.0,naive
SKU-004,2025-06-18,8.0,7.0,naive
SKU-004,2025-06-19,4.0,7.0,naive
SKU-004,2025-06-20,4.0,7.0,naive
SKU-004,2025-06-21,6.0,7.0,naive
SKU-004,2025-06-22,10.0,7.0,naive
SKU-004,2025-06-23,4.0,7.0,naive
SKU-004,2025-05-27,9.0,7.0,seasonal_naive
SKU-004,2025-05-28,7.0,8.0,seasonal_naive
SKU-004,2025-05-29,8.0,5.0,seasonal_naive
SKU-004,2025-05-30,2.0,11.0,seasonal_naive
SKU-004,2025-05-31,8.0,5.0,seasonal_naive
SKU-004,2025-06-01,6.0,5.0,seasonal_naive
SKU-004,2025-06-02,5.0,7.0,seasonal_naive
SKU-004,2025-06-03,3.0,7.0,seasonal_naive
SKU-004,2025-06-04,8.0,8.0,seasonal_naive
SKU-004,2025-06-05,4.0,5.0,seasonal_naive
SKU-004,2025-06-06,8.0,11.0,seasonal_naive
SKU-004,2025-06-07,8.0,5.0,seasonal_naive
SKU-004,2025-06-08,13.0,5.0,seasonal_naive
SKU-004,2025-06-09,7.0,7.0,seasonal_naive
SKU-004,2025-06-10,4.0,7.0,seasonal_naive
SKU-004,2025-06-11,8.0,8.0,seasonal_naive
SKU-004,2025-06-12,5.0,5.0,seasonal_naive
SKU-004,2025-06-13,4.0,11.0,seasonal_naive
SKU-004,2025-06-14,8.0,5.0,seasonal_naive
SKU-004,2025-06-15,11.0,5.0,seasonal_naive
SKU-004,2025-06-16,5.0,7.0,seasonal_naive
SKU-004,2025-06-17,8.0,7.0,seasonal_naive
SKU-004,2025-06-18,8.0,8.0,seasonal_naive
SKU-004,2025-06-19,4.0,5.0,seasonal_naive
SKU-004,2025-06-20,4.0,11.0,seasonal_naive
SKU-004,2025-06-21,6.0,5.0,seasonal_naive
SKU-004,2025-06-22,10.0,5.0,seasonal_naive
SKU-004,2025-06-23,4.0,7.0,seasonal_naive
SKU-004,2025-05-27,9.0,6.857142857142857,moving_average_7
SKU-004,2025-05-28,7.0,6.836734693877551,moving_average_7
SKU-004,2025-05-29,8.0,6.670553935860058,moving_average_7
SKU-004,2025-05-30,2.0,6.9092044981257805,moving_average_7
SKU-004,2025-05-31,8.0,6.324805140715178,moving_average_7
SKU-004,2025-06-01,6.0,6.514063017960203,moving_average_7
SKU-004,2025-06-02,5.0,6.730357734811661,moving_average_7
SKU-004,2025-06-03,3.0,6.691837411213327,moving_average_7
SKU-004,2025-06-04,8.0,6.668222347509109,moving_average_7
SKU-004,2025-06-05,4.0,6.644149155170759,moving_average_7
SKU-004,2025-06-06,8.0,6.640377043643717,moving_average_7
SKU-004,2025-06-07,8.0,6.601973121574851,moving_average_7
SKU-004,2025-06-08,13.0,6.641568547411947,moving_average_7
SKU-004,2025-06-09,7.0,6.65978362304791,moving_average_7
SKU-004,2025-06-10,4.0,6.64970160708166,moving_average_7
SKU-004,2025-06-11,8.0,6.643682206491421,moving_average_7
SKU-004,2025-06-12,5.0,6.640176472060324,moving_average_7
SKU-004,2025-06-13,4.0,6.63960894590169,moving_average_7
SKU-004,2025-06-14,8.0,6.639499217652829,moving_average_7
SKU-004,2025-06-15,11.0,6.644860088521112,moving_average_7
SKU-004,2025-06-16,5.0,6.645330308679564,moving_average_7
SKU-004,2025-06-17,8.0,6.643265549484085,moving_average_7
SKU-004,2025-06-18,8.0,6.642346112684431,moving_average_7
SKU-004,2025-06-19,4.0,6.642155242140576,moving_average_7
SKU-004,2025-06-20,4.0,6.642437923580613,moving_average_7
SKU-004,2025-06-21,6.0,6.64284206324903,moving_average_7
SKU-004,2025-06-22,10.0,6.6433196126199165,moving_average_7
SKU-004,2025-06-23,4.0,6.6430995446340315,moving_average_7
SKU-004,2025-05-27,9.0,6.473089425802534,hist_gradient_boosting
SKU-004,2025-05-28,7.0,6.902531924105526,hist_gradient_boosting
SKU-004,2025-05-29,8.0,5.834895128105775,hist_gradient_boosting
SKU-004,2025-05-30,2.0,8.0588710377172,hist_gradient_boosting
SKU-004,2025-05-31,8.0,8.083241057969872,hist_gradient_boosting
SKU-004,2025-06-01,6.0,8.467138191615005,hist_gradient_boosting
SKU-004,2025-06-02,5.0,5.868697617569357,hist_gradient_boosting
SKU-004,2025-06-03,3.0,8.365967030872191,hist_gradient_boosting
SKU-004,2025-06-04,8.0,9.077865482271498,hist_gradient_boosting
SKU-004,2025-06-05,4.0,8.409071882900498,hist_gradient_boosting
SKU-004,2025-06-06,8.0,5.05191949996498,hist_gradient_boosting
SKU-004,2025-06-07,8.0,10.405358425774365,hist_gradient_boosting
SKU-004,2025-06-08,13.0,7.98931205508997,hist_gradient_boosting
SKU-004,2025-06-09,7.0,7.0223030556883534,hist_gradient_boosting
SKU-004,2025-06-10,4.0,6.296609113894035,hist_gradient_boosting
SKU-004,2025-06-11,8.0,6.358718607156868,hist_gradient_boosting
SKU-004,2025-06-12,5.0,7.2841016288815,hist_gradient_boosting
SKU-004,2025-06-13,4.0,6.254299305236366,hist_gradient_boosting
SKU-004,2025-06-14,8.0,8.913251737810944,hist_gradient_boosting
SKU-004,2025-06-15,11.0,8.287490070099304,hist_gradient_boosting
SKU-004,2025-06-16,5.0,6.482222519799997,hist_gradient_boosting
SKU-004,2025-06-17,8.0,7.18560253358277,hist_gradient_boosting
SKU-004,2025-06-18,8.0,6.146692979795604,hist_gradient_boosting
SKU-004,2025-06-19,4.0,7.687167980102732,hist_gradient_boosting
SKU-004,2025-06-20,4.0,7.063602155889787,hist_gradient_boosting
SKU-004,2025-06-21,6.0,9.039317784926055,hist_gradient_boosting
SKU-004,2025-06-22,10.0,10.219137511500858,hist_gradient_boosting
SKU-004,2025-06-23,4.0,5.094792084323866,hist_gradient_boosting
SKU-005,2025-05-27,14.0,31.0,naive
SKU-005,2025-05-28,30.0,31.0,naive
SKU-005,2025-05-29,22.0,31.0,naive
SKU-005,2025-05-30,29.0,31.0,naive
SKU-005,2025-05-31,51.0,31.0,naive
SKU-005,2025-06-01,26.0,31.0,naive
SKU-005,2025-06-02,27.0,31.0,naive
SKU-005,2025-06-03,24.0,31.0,naive
SKU-005,2025-06-04,20.0,31.0,naive
SKU-005,2025-06-05,27.0,31.0,naive
SKU-005,2025-06-06,31.0,31.0,naive
SKU-005,2025-06-07,45.0,31.0,naive
SKU-005,2025-06-08,27.0,31.0,naive
SKU-005,2025-06-09,25.0,31.0,naive
SKU-005,2025-06-10,29.0,31.0,naive
SKU-005,2025-06-11,29.0,31.0,naive
SKU-005,2025-06-12,26.0,31.0,naive
SKU-005,2025-06-13,33.0,31.0,naive
SKU-005,2025-06-14,29.0,31.0,naive
SKU-005,2025-06-15,33.0,31.0,naive
SKU-005,2025-06-16,23.0,31.0,naive
SKU-005,2025-06-17,37.0,31.0,naive
SKU-005,2025-06-18,28.0,31.0,naive
SKU-005,2025-06-19,20.0,31.0,naive
SKU-005,2025-06-20,24.0,31.0,naive
SKU-005,2025-06-21,38.0,31.0,naive
SKU-005,2025-06-22,36.0,31.0,naive
SKU-005,2025-06-23,28.0,31.0,naive
SKU-005,2025-05-27,14.0,28.0,seasonal_naive
SKU-005,2025-05-28,30.0,27.0,seasonal_naive
SKU-005,2025-05-29,22.0,34.0,seasonal_naive
SKU-005,2025-05-30,29.0,31.0,seasonal_naive
SKU-005,2025-05-31,51.0,44.0,seasonal_naive
SKU-005,2025-06-01,26.0,28.0,seasonal_naive
SKU-005,2025-06-02,27.0,31.0,seasonal_naive
SKU-005,2025-06-03,24.0,28.0,seasonal_naive
SKU-005,2025-06-04,20.0,27.0,seasonal_naive
SKU-005,2025-06-05,27.0,34.0,seasonal_naive
SKU-005,2025-06-06,31.0,31.0,seasonal_naive
SKU-005,2025-06-07,45.0,44.0,seasonal_naive
SKU-005,2025-06-08,27.0,28.0,seasonal_naive
SKU-005,2025-06-09,25.0,31.0,seasonal_naive
SKU-005,2025-06-10,29.0,28.0,seasonal_naive
SKU-005,2025-06-11,29.0,27.0,seasonal_naive
SKU-005,2025-06-12,26.0,34.0,seasonal_naive
SKU-005,2025-06-13,33.0,31.0,seasonal_naive
SKU-005,2025-06-14,29.0,44.0,seasonal_naive
SKU-005,2025-06-15,33.0,28.0,seasonal_naive
SKU-005,2025-06-16,23.0,31.0,seasonal_naive
SKU-005,2025-06-17,37.0,28.0,seasonal_naive
SKU-005,2025-06-18,28.0,27.0,seasonal_naive
SKU-005,2025-06-19,20.0,34.0,seasonal_naive
SKU-005,2025-06-20,24.0,31.0,seasonal_naive
SKU-005,2025-06-21,38.0,44.0,seasonal_naive
SKU-005,2025-06-22,36.0,28.0,seasonal_naive
SKU-005,2025-06-23,28.0,31.0,seasonal_naive
SKU-005,2025-05-27,14.0,31.857142857142858,moving_average_7
SKU-005,2025-05-28,30.0,32.40816326530612,moving_average_7
SKU-005,2025-05-29,22.0,33.180758017492714,moving_average_7
SKU-005,2025-05-30,29.0,33.063723448563096,moving_average_7
SKU-005,2025-05-31,51.0,33.35854108407211,moving_average_7
SKU-005,2025-06-01,26.0,31.83833266751098,moving_average_7
SKU-005,2025-06-02,27.0,32.38666590572684,moving_average_7
SKU-005,2025-06-03,24.0,32.58476103511638,moving_average_7
SKU-005,2025-06-04,20.0,32.6887064891126,moving_average_7
SKU-005,2025-06-05,27.0,32.72878409251353,moving_average_7
SKU-005,2025-06-06,31.0,32.66421638894508,moving_average_7
SKU-005,2025-06-07,45.0,32.60714395185679,moving_average_7
SKU-005,2025-06-08,27.0,32.49980150439746,moving_average_7
SKU-005,2025-06-09,25.0,32.59429705252409,moving_average_7
SKU-005,2025-06-10,29.0,32.623958644923704,moving_average_7
SKU-005,2025-06-11,29.0,32.62955830346761,moving_average_7
SKU-005,2025-06-12,26.0,32.62110856266118,moving_average_7
SKU-005,2025-06-13,33.0,32.60572634411084,moving_average_7
SKU-005,2025-06-14,29.0,32.59737062342024,moving_average_7
SKU-005,2025-06-15,33.0,32.59597443364359,moving_average_7
SKU-005,2025-06-16,23.0,32.609713423535894,moving_average_7
SKU-005,2025-06-17,37.0,32.61191576225186,moving_average_7
SKU-005,2025-06-18,28.0,32.61019535044161,moving_average_7
SKU-005,2025-06-19,20.0,32.60742921429503,moving_average_7
SKU-005,2025-06-20,24.0,32.605475021671296,moving_average_7
SKU-005,2025-06-21,38.0,32.60543911846565,moving_average_7
SKU-005,2025-06-22,36.0,32.60659176061499,moving_average_7
SKU-005,2025-06-23,28.0,32.60810852161091,moving_average_7
SKU-005,2025-05-27,14.0,28.468787029726784,hist_gradient_boosting
SKU-005,2025-05-28,30.0,25.660866755547442,hist_gradient_boosting
SKU-005,2025-05-29,22.0,29.178798451879665,hist_gradient_boosting
SKU-005,2025-05-30,29.0,29.305394435363795,hist_gradient_boosting
SKU-005,2025-05-31,51.0,29.161008549334635,hist_gradient_boosting
SKU-005,2025-06-01,26.0,29.97394216981072,hist_gradient_boosting
SKU-005,2025-06-02,27.0,30.6264375352635,hist_gradient_boosting
SKU-005,2025-06-03,24.0,22.08369397202244,hist_gradient_boosting
SKU-005,2025-06-04,20.0,27.48498471307245,hist_gradient_boosting
SKU-005,2025-06-05,27.0,23.749791299003206,hist_gradient_boosting
SKU-005,2025-06-06,31.0,26.293180253982367,hist_gradient_boosting
SKU-005,2025-06-07,45.0,35.04815202084106,hist_gradient_boosting
SKU-005,2025-06-08,27.0,31.77648790323518,hist_gradient_boosting
SKU-005,2025-06-09,25.0,27.892541706028926,hist_gradient_boosting
SKU-005,2025-06-10,29.0,26.62490543328818,hist_gradient_boosting
SKU-005,2025-06-11,29.0,28.618311326121464,hist_gradient_boosting
SKU-005,2025-06-12,26.0,25.85766995818715,hist_gradient_boosting
SKU-005,2025-06-13,33.0,27.225556610420995,hist_gradient_boosting
SKU-005,2025-06-14,29.0,29.072502444658635,hist_gradient_boosting
SKU-005,2025-06-15,33.0,30.305224220378413,hist_gradient_boosting
SKU-005,2025-06-16,23.0,23.346793124086783,hist_gradient_boosting
SKU-005,2025-06-17,37.0,29.367857067131954,hist_gradient_boosting
SKU-005,2025-06-18,28.0,25.494078186769528,hist_gradient_boosting
SKU-005,2025-06-19,20.0,28.917116852706222,hist_gradient_boosting
SKU-005,2025-06-20,24.0,26.41268652422779,hist_gradient_boosting
SKU-005,2025-06-21,38.0,29.30043625638906,hist_gradient_boosting
SKU-005,2025-06-22,36.0,29.64175892246021,hist_gradient_boosting
SKU-005,2025-06-23,28.0,26.664421681676423,hist_gradient_boosting
SKU-006,2025-05-27,8.0,8.0,naive
SKU-006,2025-05-28,2.0,8.0,naive
SKU-006,2025-05-29,5.0,8.0,naive
SKU-006,2025-05-30,3.0,8.0,naive
SKU-006,2025-05-31,7.0,8.0,naive
SKU-006,2025-06-01,5.0,8.0,naive
SKU-006,2025-06-02,6.0,8.0,naive
SKU-006,2025-06-03,9.0,8.0,naive
SKU-006,2025-06-04,13.0,8.0,naive
SKU-006,2025-06-05,7.0,8.0,naive
SKU-006,2025-06-06,8.0,8.0,naive
SKU-006,2025-06-07,12.0,8.0,naive
SKU-006,2025-06-08,7.0,8.0,naive
SKU-006,2025-06-09,12.0,8.0,naive
SKU-006,2025-06-10,8.0,8.0,naive
SKU-006,2025-06-11,7.0,8.0,naive
SKU-006,2025-06-12,4.0,8.0,naive
SKU-006,2025-06-13,5.0,8.0,naive
SKU-006,2025-06-14,9.0,8.0,naive
SKU-006,2025-06-15,6.0,8.0,naive
SKU-006,2025-06-16,1.0,8.0,naive
SKU-006,2025-06-17,7.0,8.0,naive
SKU-006,2025-06-18,6.0,8.0,naive
SKU-006,2025-06-19,9.0,8.0,naive
SKU-006,2025-06-20,4.0,8.0,naive
SKU-006,2025-06-21,7.0,8.0,naive
SKU-006,2025-06-22,6.0,8.0,naive
SKU-006,2025-06-23,3.0,8.0,naive
SKU-006,2025-05-27,8.0,12.0,seasonal_naive
SKU-006,2025-05-28,2.0,13.0,seasonal_naive
SKU-006,2025-05-29,5.0,9.0,seasonal_naive
SKU-006,2025-05-30,3.0,4.0,seasonal_naive
SKU-006,2025-05-31,7.0,5.0,seasonal_naive
SKU-006,2025-06-01,5.0,7.0,seasonal_naive
SKU-006,2025-06-02,6.0,8.0,seasonal_naive
SKU-006,2025-06-03,9.0,12.0,seasonal_naive
SKU-006,2025-06-04,13.0,13.0,seasonal_naive
SKU-006,2025-06-05,7.0,9.0,seasonal_naive
SKU-006,2025-06-06,8.0,4.0,seasonal_naive
SKU-006,2025-06-07,12.0,5.0,seasonal_naive
SKU-006,2025-06-08,7.0,7.0,seasonal_naive
SKU-006,2025-06-09,12.0,8.0,seasonal_naive
SKU-006,2025-06-10,8.0,12.0,seasonal_naive
SKU-006,2025-06-11,7.0,13.0,seasonal_naive
SKU-006,2025-06-12,4.0,9.0,seasonal_naive
SKU-006,2025-06-13,5.0,4.0,seasonal_naive
SKU-006,2025-06-14,9.0,5.0,seasonal_naive
SKU-006,2025-06-15,6.0,7.0,seasonal_naive
SKU-006,2025-06-16,1.0,8.0,seasonal_naive
SKU-006,2025-06-17,7.0,12.0,seasonal_naive
SKU-006,2025-06-18,6.0,13.0,seasonal_naive
SKU-006,2025-06-19,9.0,9.0,seasonal_naive
SKU-006,2025-06-20,4.0,4.0,seasonal_naive
SKU-006,2025-06-21,7.0,5.0,seasonal_naive
SKU-006,2025-06-22,6.0,7.0,seasonal_naive
SKU-006,2025-06-23,3.0,8.0,seasonal_naive
SKU-006,2025-05-27,8.0,8.285714285714286,moving_average_7
SKU-006,2025-05-28,2.0,7.755102040816326,moving_average_7
SKU-006,2025-05-29,5.0,7.005830903790087,moving_average_7
SKU-006,2025-05-30,3.0,6.720949604331528,moving_average_7
SKU-006,2025-05-31,7.0,7.109656690664603,moving_average_7
SKU-006,2025-06-01,5.0,7.411036217902404,moving_average_7
SKU-006,2025-06-02,6.0,7.469755677602747,moving_average_7
SKU-006,2025-06-03,9.0,7.394006488688855,moving_average_7
SKU-006,2025-06-04,13.0,7.266619660542363,moving_average_7
SKU-006,2025-06-05,7.0,7.196836463360369,moving_average_7
SKU-006,2025-06-06,8.0,7.224122971870409,moving_average_7
SKU-006,2025-06-07,12.0,7.296004881518821,moving_average_7
SKU-006,2025-06-08,7.0,7.322626051640852,moving_average_7
SKU-006,2025-06-09,12.0,7.309996027889203,moving_average_7
SKU-006,2025-06-10,8.0,7.287173220787268,moving_average_7
SKU-006,2025-06-11,7.0,7.271911325372756,moving_average_7
SKU-006,2025-06-12,4.0,7.272667277491382,moving_average_7
SKU-006,2025-06-13,5.0,7.28350025093867,moving_average_7
SKU-006,2025-06-14,9.0,7.2919827193769935,moving_average_7
SKU-006,2025-06-15,6.0,7.291408124785304,moving_average_7
SKU-006,2025-06-16,1.0,7.286948420948797,moving_average_7
SKU-006,2025-06-17,7.0,7.283655905671596,moving_average_7
SKU-006,2025-06-18,6.0,7.283153432083642,moving_average_7
SKU-006,2025-06-19,9.0,7.284759447328055,moving_average_7
SKU-006,2025-06-20,4.0,7.286486900161866,moving_average_7
SKU-006,2025-06-21,7.0,7.286913564336609,moving_average_7
SKU-006,2025-06-22,6.0,7.286189399330839,moving_average_7
SKU-006,2025-06-23,3.0,7.285443867123058,moving_average_7
SKU-006,2025-05-27,8.0,5.160159871055358,hist_gradient_boosting
SKU-006,2025-05-28,2.0,5.663701378812426,hist_gradient_boosting
SKU-006,2025-05-29,5.0,8.40157377821539,hist_gradient_boosting
SKU-006,2025-05-30,3.0,8.981720745109367,hist_gradient_boosting
SKU-006,2025-05-31,7.0,6.679126171079692,hist_gradient_boosting
SKU-006,2025-06-01,5.0,7.172185401643012,hist_gradient_boosting
SKU-006,2025-06-02,6.0,6.848968210910281,hist_gradient_boosting
SKU-006,2025-06-03,9.0,7.300498171930333,hist_gradient_boosting
SKU-006,2025-06-04,13.0,7.752827982987377,hist_gradient_boosting
SKU-006,2025-06-05,7.0,7.615289676350583,hist_gradient_boosting
SKU-006,2025-06-06,8.0,6.370236921654228,hist_gradient_boosting
SKU-006,2025-06-07,12.0,8.31593978510114,hist_gradient_boosting
SKU-006,2025-06-08,7.0,7.7041605309887045,hist_gradient_boosting
SKU-006,2025-06-09,12.0,6.647141310581921,hist_gradient_boosting
SKU-006,2025-06-10,8.0,6.196628106487671,hist_gradient_boosting
SKU-006,2025-06-11,7.0,7.10301873911134,hist_gradient_boosting
SKU-006,2025-06-12,4.0,7.580153828902244,hist_gradient_boosting
SKU-006,2025-06-13,5.0,6.686440940985607,hist_gradient_boosting
SKU-006,2025-06-14,9.0,7.377242149409361,hist_gradient_boosting
SKU-006,2025-06-15,6.0,7.930398979964191,hist_gradient_boosting
SKU-006,2025-06-16,1.0,7.070403274293174,hist_gradient_boosting
SKU-006,2025-06-17,7.0,6.407174014402385,hist_gradient_boosting
SKU-006,2025-06-18,6.0,6.594872637646886,hist_gradient_boosting
SKU-006,2025-06-19,9.0,7.874471996479714,hist_gradient_boosting
SKU-006,2025-06-20,4.0,7.20869242612318,hist_gradient_boosting
SKU-006,2025-06-21,7.0,6.230376273569918,hist_gradient_boosting
SKU-006,2025-06-22,6.0,8.432066498445941,hist_gradient_boosting
SKU-006,2025-06-23,3.0,7.906402459069881,hist_gradient_boosting
SKU-007,2025-05-27,14.0,13.0,naive
SKU-007,2025-05-28,16.0,13.0,naive
SKU-007,2025-05-29,12.0,13.0,naive
SKU-007,2025-05-30,8.0,13.0,naive
SKU-007,2025-05-31,6.0,13.0,naive
SKU-007,2025-06-01,19.0,13.0,naive
SKU-007,2025-06-02,13.0,13.0,naive
SKU-007,2025-06-03,9.0,13.0,naive
SKU-007,2025-06-04,11.0,13.0,naive
SKU-007,2025-06-05,14.0,13.0,naive
SKU-007,2025-06-06,13.0,13.0,naive
SKU-007,2025-06-07,18.0,13.0,naive
SKU-007,2025-06-08,17.0,13.0,naive
SKU-007,2025-06-09,9.0,13.0,naive
SKU-007,2025-06-10,10.0,13.0,naive
SKU-007,2025-06-11,10.0,13.0,naive
SKU-007,2025-06-12,9.0,13.0,naive
SKU-007,2025-06-13,9.0,13.0,naive
SKU-007,2025-06-14,13.0,13.0,naive
SKU-007,2025-06-15,13.0,13.0,naive
SKU-007,2025-06-16,11.0,13.0,naive
SKU-007,2025-06-17,1.0,13.0,naive
SKU-007,2025-06-18,7.0,13.0,naive
SKU-007,2025-06-19,8.0,13.0,naive
SKU-007,2025-06-20,10.0,13.0,naive
SKU-007,2025-06-21,16.0,13.0,naive
SKU-007,2025-06-22,14.0,13.0,naive
SKU-007,2025-06-23,13.0,13.0,naive
SKU-007,2025-05-27,14.0,12.0,seasonal_naive
SKU-007,2025-05-28,16.0,12.0,seasonal_naive
SKU-007,2025-05-29,12.0,13.0,seasonal_naive
SKU-007,2025-05-30,8.0,9.0,seasonal_naive
SKU-007,2025-05-31,6.0,22.0,seasonal_naive
SKU-007,2025-06-01,19.0,12.0,seasonal_naive
SKU-007,2025-06-02,13.0,13.0,seasonal_naive
SKU-007,2025-06-03,9.0,12.0,seasonal_naive
SKU-007,2025-06-04,11.0,12.0,seasonal_naive
SKU-007,2025-06-05,14.0,13.0,seasonal_naive
SKU-007,2025-06-06,13.0,9.0,seasonal_naive
SKU-007,2025-06-07,18.0,22.0,seasonal_naive
SKU-007,2025-06-08,17.0,12.0,seasonal_naive
SKU-007,2025-06-09,9.0,13.0,seasonal_naive
SKU-007,2025-06-10,10.0,12.0,seasonal_naive
SKU-007,2025-06-11,10.0,12.0,seasonal_naive
SKU-007,2025-06-12,9.0,13.0,seasonal_naive
SKU-007,2025-06-13,9.0,9.0,seasonal_naive
SKU-007,2025-06-14,13.0,22.0,seasonal_naive
SKU-007,2025-06-15,13.0,12.0,seasonal_naive
SKU-007,2025-06-16,11.0,13.0,seasonal_naive
SKU-007,2025-06-17,1.0,12.0,seasonal_naive
SKU-007,2025-06-18,7.0,12.0,seasonal_naive
SKU-007,2025-06-19,8.0,13.0,seasonal_naive
SKU-007,2025-06-20,10.0,9.0,seasonal_naive
SKU-007,2025-06-21,16.0,22.0,seasonal_naive
SKU-007,2025-06-22,14.0,12.0,seasonal_naive
SKU-007,2025-06-23,13.0,13.0,seasonal_naive
SKU-007,2025-05-27,14.0,13.285714285714286,moving_average_7
SKU-007,2025-05-28,16.0,13.469387755102042,moving_average_7
SKU-007,2025-05-29,12.0,13.679300291545191,moving_average_7
SKU-007,2025-05-30,8.0,13.77634319033736,moving_average_7
SKU-007,2025-05-31,6.0,14.458677931814124,moving_average_7
SKU-007,2025-06-01,19.0,13.381346207787571,moving_average_7
SKU-007,2025-06-02,13.0,13.578681380328652,moving_average_7
SKU-007,2025-06-03,9.0,13.661350148947033,moving_average_7
SKU-007,2025-06-04,11.0,13.71501241512314,moving_average_7
SKU-007,2025-06-05,14.0,13.750101652269011,moving_average_7
SKU-007,2025-06-06,13.0,13.760216132372415,moving_average_7
SKU-007,2025-06-07,18.0,13.75791226694885,moving_average_7
SKU-007,2025-06-08,17.0,13.65780288625381,moving_average_7
SKU-007,2025-06-09,9.0,13.697296697463273,moving_average_7
SKU-007,2025-06-10,10.0,13.714241742768218,moving_average_7
SKU-007,2025-06-11,10.0,13.721797684742674,moving_average_7
SKU-007,2025-06-12,9.0,13.722767008974035,moving_average_7
SKU-007,2025-06-13,9.0,13.718862059931896,moving_average_7
SKU-007,2025-06-14,13.0,13.712954335297535,moving_average_7
SKU-007,2025-06-15,13.0,13.706531773633063,moving_average_7
SKU-007,2025-06-16,11.0,13.71349304325867,moving_average_7
SKU-007,2025-06-17,1.0,13.715806806943727,moving_average_7
SKU-007,2025-06-18,7.0,13.716030387540227,moving_average_7
SKU-007,2025-06-19,8.0,13.715206487939879,moving_average_7
SKU-007,2025-06-20,10.0,13.71412641350643,moving_average_7
SKU-007,2025-06-21,16.0,13.713449892588503,moving_average_7
SKU-007,2025-06-22,14.0,13.713520686487215,moving_average_7
SKU-007,2025-06-23,13.0,13.714519102609236,moving_average_7
SKU-007,2025-05-27,14.0,13.605439432192826,hist_gradient_boosting
SKU-007,2025-05-28,16.0,9.604154359731071,hist_gradient_boosting
SKU-007,2025-05-29,12.0,12.090538259598699,hist_gradient_boosting
SKU-007,2025-05-30,8.0,10.779068916009274,hist_gradient_boosting
SKU-007,2025-05-31,6.0,14.13003890013594,hist_gradient_boosting
SKU-007,2025-06-01,19.0,14.716480997739101,hist_gradient_boosting
SKU-007,2025-06-02,13.0,9.62435190068839,hist_gradient_boosting
SKU-007,2025-06-03,9.0,10.349347497626093,hist_gradient_boosting
SKU-007,2025-06-04,11.0,12.87955019891359,hist_gradient_boosting
SKU-007,2025-06-05,14.0,11.100001273583045,hist_gradient_boosting
SKU-007,2025-06-06,13.0,11.782207811528123,hist_gradient_boosting
SKU-007,2025-06-07,18.0,15.181377489307526,hist_gradient_boosting
SKU-007,2025-06-08,17.0,14.329433187470116,hist_gradient_boosting
SKU-007,2025-06-09,9.0,10.577485875589408,hist_gradient_boosting
SKU-007,2025-06-10,10.0,10.723384337086697,hist_gradient_boosting
SKU-007,2025-06-11,10.0,9.944955000786987,hist_gradient_boosting
SKU-007,2025-06-12,9.0,8.90281713455441,hist_gradient_boosting
SKU-007,2025-06-13,9.0,11.621299277672337,hist_gradient_boosting
SKU-007,2025-06-14,13.0,12.746347670248015,hist_gradient_boosting
SKU-007,2025-06-15,13.0,13.019368386148138,hist_gradient_boosting
SKU-007,2025-06-16,11.0,12.018007367023918,hist_gradient_boosting
SKU-007,2025-06-17,1.0,12.729389869800242,hist_gradient_boosting
SKU-007,2025-06-18,7.0,11.741233367369654,hist_gradient_boosting
SKU-007,2025-06-19,8.0,9.492933748914233,hist_gradient_boosting
SKU-007,2025-06-20,10.0,12.169840993253805,hist_gradient_boosting
SKU-007,2025-06-21,16.0,12.405996739395519,hist_gradient_boosting
SKU-007,2025-06-22,14.0,12.862271386142854,hist_gradient_boosting
SKU-007,2025-06-23,13.0,8.783182427664878,hist_gradient_boosting
SKU-008,2025-05-27,24.0,11.0,naive
SKU-008,2025-05-28,15.0,11.0,naive
SKU-008,2025-05-29,17.0,11.0,naive
SKU-008,2025-05-30,15.0,11.0,naive
SKU-008,2025-05-31,37.0,11.0,naive
SKU-008,2025-06-01,24.0,11.0,naive
SKU-008,2025-06-02,11.0,11.0,naive
SKU-008,2025-06-03,30.0,11.0,naive
SKU-008,2025-06-04,14.0,11.0,naive
SKU-008,2025-06-05,28.0,11.0,naive
SKU-008,2025-06-06,22.0,11.0,naive
SKU-008,2025-06-07,23.0,11.0,naive
SKU-008,2025-06-08,20.0,11.0,naive
SKU-008,2025-06-09,24.0,11.0,naive
SKU-008,2025-06-10,26.0,11.0,naive
SKU-008,2025-06-11,12.0,11.0,naive
SKU-008,2025-06-12,18.0,11.0,naive
SKU-008,2025-06-13,16.0,11.0,naive
SKU-008,2025-06-14,25.0,11.0,naive
SKU-008,2025-06-15,19.0,11.0,naive
SKU-008,2025-06-16,18.0,11.0,naive
SKU-008,2025-06-17,13.0,11.0,naive
SKU-008,2025-06-18,18.0,11.0,naive
SKU-008,2025-06-19,22.0,11.0,naive
SKU-008,2025-06-20,15.0,11.0,naive
SKU-008,2025-06-21,29.0,11.0,naive
SKU-008,2025-06-22,15.0,11.0,naive
SKU-008,2025-06-23,10.0,11.0,naive
SKU-008,2025-05-27,24.0,20.0,seasonal_naive
SKU-008,2025-05-28,15.0,15.0,seasonal_naive
SKU-008,2025-05-29,17.0,22.0,seasonal_naive
SKU-008,2025-05-30,15.0,18.0,seasonal_naive
SKU-008,2025-05-31,37.0,31.0,seasonal_naive
SKU-008,2025-06-01,24.0,18.0,seasonal_naive
SKU-008,2025-06-02,11.0,11.0,seasonal_naive
SKU-008,2025-06-03,30.0,20.0,seasonal_naive
SKU-008,2025-06-04,14.0,15.0,seasonal_naive
SKU-008,2025-06-05,28.0,22.0,seasonal_naive
SKU-008,2025-06-06,22.0,18.0,seasonal_naive
SKU-008,2025-06-07,23.0,31.0,seasonal_naive
SKU-008,2025-06-08,20.0,18.0,seasonal_naive
SKU-008,2025-06-09,24.0,11.0,seasonal_naive
SKU-008,2025-06-10,26.0,20.0,seasonal_naive
SKU-008,2025-06-11,12.0,15.0,seasonal_naive
SKU-008,2025-06-12,18.0,22.0,seasonal_naive
SKU-008,2025-06-13,16.0,18.0,seasonal_naive
SKU-008,2025-06-14,25.0,31.0,seasonal_naive
SKU-008,2025-06-15,19.0,18.0,seasonal_naive
SKU-008,2025-06-16,18.0,11.0,seasonal_naive
SKU-008,2025-06-17,13.0,20.0,seasonal_naive
SKU-008,2025-06-18,18.0,15.0,seasonal_naive
SKU-008,2025-06-19,22.0,22.0,seasonal_naive
SKU-008,2025-06-20,15.0,18.0,seasonal_naive
SKU-008,2025-06-21,29.0,31.0,seasonal_naive
SKU-008,2025-06-22,15.0,18.0,seasonal_naive
SKU-008,2025-06-23,10.0,11.0,seasonal_naive
SKU-008,2025-05-27,24.0,19.285714285714285,moving_average_7
SKU-008,2025-05-28,15.0,19.183673469387752,moving_average_7
SKU-008,2025-05-29,17.0,19.781341107871718,moving_average_7
SKU-008,2025-05-30,15.0,19.464389837567676,moving_average_7
SKU-008,2025-05-31,37.0,19.67358838579163,moving_average_7
SKU-008,2025-06-01,24.0,18.055529583761864,moving_average_7
SKU-008,2025-06-02,11.0,18.063462381442132,moving_average_7
SKU-008,2025-06-03,30.0,19.072528435933865,moving_average_7
SKU-008,2025-06-04,14.0,19.042073314536662,moving_average_7
SKU-008,2025-06-05,28.0,19.021844720986508,moving_average_7
SKU-008,2025-06-06,22.0,18.913345237145762,moving_average_7
SKU-008,2025-06-07,23.0,18.83462457994263,moving_average_7
SKU-008,2025-06-08,20.0,18.71477260767849,moving_average_7
SKU-008,2025-06-09,24.0,18.80895018252372,moving_average_7
SKU-008,2025-06-10,26.0,18.91544843982109,moving_average_7
SKU-008,2025-06-11,12.0,18.89300844037641,moving_average_7
SKU-008,2025-06-12,18.0,18.871713458353515,moving_average_7
SKU-008,2025-06-13,16.0,18.85026613512023,moving_average_7
SKU-008,2025-06-14,25.0,18.841254834830867,moving_average_7
SKU-008,2025-06-15,19.0,18.842202014100618,moving_average_7
SKU-008,2025-06-16,18.0,18.860406215018063,moving_average_7
SKU-008,2025-06-17,13.0,18.86775707680297,moving_average_7
SKU-008,2025-06-18,18.0,18.86094402494324,moving_average_7
SKU-008,2025-06-19,22.0,18.856363394167072,moving_average_7
SKU-008,2025-06-20,15.0,18.854170527854723,moving_average_7
SKU-008,2025-06-21,29.0,18.854728298245366,moving_average_7
SKU-008,2025-06-22,15.0,18.856653078733153,moving_average_7
SKU-008,2025-06-23,10.0,18.858717516537798,moving_average_7
SKU-008,2025-05-27,24.0,20.461609095218066,hist_gradient_boosting
SKU-008,2025-05-28,15.0,19.751044970359104,hist_gradient_boosting
SKU-008,2025-05-29,17.0,19.208610759227273,hist_gradient_boosting
SKU-008,2025-05-30,15.0,20.65578917189371,hist_gradient_boosting
SKU-008,2025-05-31,37.0,25.83418350219252,hist_gradient_boosting
SKU-008,2025-06-01,24.0,27.993091850865405,hist_gradient_boosting
SKU-008,2025-06-02,11.0,19.870346313989828,hist_gradient_boosting
SKU-008,2025-06-03,30.0,20.383478645867473,hist_gradient_boosting
SKU-008,2025-06-04,14.0,21.32936568388498,hist_gradient_boosting
SKU-008,2025-06-05,28.0,19.444301094480767,hist_gradient_boosting
SKU-008,2025-06-06,22.0,17.534524972872415,hist_gradient_boosting
SKU-008,2025-06-07,23.0,28.435004759207562,hist_gradient_boosting
SKU-008,2025-06-08,20.0,25.022403552063434,hist_gradient_boosting
SKU-008,2025-06-09,24.0,19.782500271930918,hist_gradient_boosting
SKU-008,2025-06-10,26.0,18.362996524180453,hist_gradient_boosting
SKU-008,2025-06-11,12.0,17.0293932562442,hist_gradient_boosting
SKU-008,2025-06-12,18.0,18.102296745532012,hist_gradient_boosting
SKU-008,2025-06-13,16.0,17.244498534822597,hist_gradient_boosting
SKU-008,2025-06-14,25.0,22.095645065599452,hist_gradient_boosting
SKU-008,2025-06-15,19.0,25.88095672476281,hist_gradient_boosting
SKU-008,2025-06-16,18.0,20.81282327040691,hist_gradient_boosting
SKU-008,2025-06-17,13.0,19.76601888714461,hist_gradient_boosting
SKU-008,2025-06-18,18.0,16.984565469621945,hist_gradient_boosting
SKU-008,2025-06-19,22.0,15.696029900799342,hist_gradient_boosting
SKU-008,2025-06-20,15.0,16.83604983228776,hist_gradient_boosting
SKU-008,2025-06-21,29.0,21.920500837079064,hist_gradient_boosting
SKU-008,2025-06-22,15.0,21.73215627643354,hist_gradient_boosting
SKU-008,2025-06-23,10.0,19.526449233705176,hist_gradient_boosting
