sku_id,date,forecast,model
SKU-001,2025-06-24,12.388266211128036,hist_gradient_boosting
SKU-001,2025-06-25,13.070230190645669,hist_gradient_boosting
SKU-001,2025-06-26,13.305803158375236,hist_gradient_boosting
SKU-001,2025-06-27,12.67511662687316,hist_gradient_boosting
SKU-001,2025-06-28,15.818339082723329,hist_gradient_boosting
SKU-001,2025-06-29,17.091230467331393,hist_gradient_boosting
SKU-001,2025-06-30,13.570095415341191,hist_gradient_boosting
SKU-001,2025-07-01,12.171700703709822,hist_gradient_boosting
SKU-001,2025-07-02,10.664104296437655,hist_gradient_boosting
SKU-001,2025-07-03,12.24566950209593,hist_gradient_boosting
SKU-001,2025-07-04,11.781543910478561,hist_gradient_boosting
SKU-001,2025-07-05,13.12352077532464,hist_gradient_boosting
SKU-001,2025-07-06,13.702641478081448,hist_gradient_boosting
SKU-001,2025-07-07,12.345328599981555,hist_gradient_boosting
SKU-001,2025-07-08,14.017381053919632,hist_gradient_boosting
SKU-001,2025-07-09,11.156253165451584,hist_gradient_boosting
SKU-001,2025-07-10,13.320252066441958,hist_gradient_boosting
SKU-001,2025-07-11,11.173898349890866,hist_gradient_boosting
SKU-001,2025-07-12,15.625576613308793,hist_gradient_boosting
SKU-001,2025-07-13,14.292659960369374,hist_gradient_boosting
SKU-001,2025-07-14,11.02716128985889,hist_gradient_boosting
SKU-001,2025-07-15,15.153408021568147,hist_gradient_boosting
SKU-001,2025-07-16,11.736587708637506,hist_gradient_boosting
SKU-001,2025-07-17,11.935901989657392,hist_gradient_boosting
SKU-001,2025-07-18,12.855663395408705,hist_gradient_boosting
SKU-001,2025-07-19,11.837873825613775,hist_gradient_boosting
SKU-001,2025-07-20,13.641504633287793,hist_gradient_boosting
SKU-001,2025-07-21,12.52132174679489,hist_gradient_boosting
SKU-001,2025-07-22,10.740217701319716,hist_gradient_boosting
SKU-001,2025-07-23,12.390835831471897,hist_gradient_boosting
SKU-002,2025-06-24,16.73415469802941,hist_gradient_boosting
SKU-002,2025-06-25,18.939857536164528,hist_gradient_boosting
SKU-002,2025-06-26,17.568302962637446,hist_gradient_boosting
SKU-002,2025-06-27,17.90602517947663,hist_gradient_boosting
SKU-002,2025-06-28,24.74423947907277,hist_gradient_boosting
SKU-002,2025-06-29,22.917580838422122,hist_gradient_boosting
SKU-002,2025-06-30,14.799031937358912,hist_gradient_boosting
SKU-002,2025-07-01,17.42925705295445,hist_gradient_boosting
SKU-002,2025-07-02,16.65179481714699,hist_gradient_boosting
SKU-002,2025-07-03,15.933778417030101,hist_gradient_boosting
SKU-002,2025-07-04,16.20757139006102,hist_gradient_boosting
SKU-002,2025-07-05,25.254107620398624,hist_gradient_boosting
SKU-002,2025-07-06,24.852136670102794,hist_gradient_boosting
SKU-002,2025-07-07,15.345553773197748,hist_gradient_boosting
SKU-002,2025-07-08,18.723888346488998,hist_gradient_boosting
SKU-002,2025-07-09,15.844709726725723,hist_gradient_boosting
SKU-002,2025-07-10,17.523150177051317,hist_gradient_boosting
SKU-002,2025-07-11,18.331575249066045,hist_gradient_boosting
SKU-002,2025-07-12,25.92903984164804,hist_gradient_boosting
SKU-002,2025-07-13,24.182848190246414,hist_gradient_boosting
SKU-002,2025-07-14,14.539465758159507,hist_gradient_boosting
SKU-002,2025-07-15,17.341569339036784,hist_gradient_boosting
SKU-002,2025-07-16,17.812910098997385,hist_gradient_boosting
SKU-002,2025-07-17,17.22853376159276,hist_gradient_boosting
SKU-002,2025-07-18,19.10068143200998,hist_gradient_boosting
SKU-002,2025-07-19,26.03668932630621,hist_gradient_boosting
SKU-002,2025-07-20,25.094251437909673,hist_gradient_boosting
SKU-002,2025-07-21,14.117602420622484,hist_gradient_boosting
SKU-002,2025-07-22,17.56316181392113,hist_gradient_boosting
SKU-002,2025-07-23,17.082698630083037,hist_gradient_boosting
SKU-003,2025-06-24,9.21211203438566,hist_gradient_boosting
SKU-003,2025-06-25,8.879737566853688,hist_gradient_boosting
SKU-003,2025-06-26,6.681713736676166,hist_gradient_boosting
SKU-003,2025-06-27,9.988517631138714,hist_gradient_boosting
SKU-003,2025-06-28,12.093836221907656,hist_gradient_boosting
SKU-003,2025-06-29,9.343991375947928,hist_gradient_boosting
SKU-003,2025-06-30,7.789714896074353,hist_gradient_boosting
SKU-003,2025-07-01,8.685171972806705,hist_gradient_boosting
SKU-003,2025-07-02,8.314439168150932,hist_gradient_boosting
SKU-003,2025-07-03,8.35759637116506,hist_gradient_boosting
SKU-003,2025-07-04,11.05711597931678,hist_gradient_boosting
SKU-003,2025-07-05,12.32909593962569,hist_gradient_boosting
SKU-003,2025-07-06,10.338049075902967,hist_gradient_boosting
SKU-003,2025-07-07,8.780651934383569,hist_gradient_boosting
SKU-003,2025-07-08,8.04398569455464,hist_gradient_boosting
SKU-003,2025-07-09,8.37492200983127,hist_gradient_boosting
SKU-003,2025-07-10,8.93392472428371,hist_gradient_boosting
SKU-003,2025-07-11,9.578378511095435,hist_gradient_boosting
SKU-003,2025-07-12,12.851341952981501,hist_gradient_boosting
SKU-003,2025-07-13,10.77068540972557,hist_gradient_boosting
SKU-003,2025-07-14,7.9913482505561895,hist_gradient_boosting
SKU-003,2025-07-15,7.754720245916861,hist_gradient_boosting
SKU-003,2025-07-16,6.637440879041645,hist_gradient_boosting
SKU-003,2025-07-17,8.032740046742607,hist_gradient_boosting
SKU-003,2025-07-18,8.669291675589458,hist_gradient_boosting
SKU-003,2025-07-19,12.999241175736358,hist_gradient_boosting
SKU-003,2025-07-20,11.48341567001018,hist_gradient_boosting
SKU-003,2025-07-21,9.067982691233672,hist_gradient_boosting
SKU-003,2025-07-22,8.235458602403954,hist_gradient_boosting
SKU-003,2025-07-23,8.82248607861345,hist_gradient_boosting
SKU-004,2025-06-24,6.643486501147861,hist_gradient_boosting
SKU-004,2025-06-25,6.753364221828843,hist_gradient_boosting
SKU-004,2025-06-26,5.700822103435435,hist_gradient_boosting
SKU-004,2025-06-27,5.302435513913286,hist_gradient_boosting
SKU-004,2025-06-28,8.65329452837434,hist_gradient_boosting
SKU-004,2025-06-29,8.439405472322493,hist_gradient_boosting
SKU-004,2025-06-30,5.674911559657502,hist_gradient_boosting
SKU-004,2025-07-01,7.797242704192149,hist_gradient_boosting
SKU-004,2025-07-02,6.904891084743241,hist_gradient_boosting
SKU-004,2025-07-03,5.305043781628991,hist_gradient_boosting
SKU-004,2025-07-04,5.762184835951811,hist_gradient_boosting
SKU-004,2025-07-05,9.253842924946184,hist_gradient_boosting
SKU-004,2025-07-06,8.783846357805691,hist_gradient_boosting
SKU-004,2025-07-07,5.414671372824188,hist_gradient_boosting
SKU-004,2025-07-08,7.730034108348185,hist_gradient_boosting
SKU-004,2025-07-09,6.815921792929288,hist_gradient_boosting
SKU-004,2025-07-10,5.145237977173817,hist_gradient_boosting
SKU-004,2025-07-11,6.1476086970204875,hist_gradient_boosting
SKU-004,2025-07-12,8.486554871410235,hist_gradient_boosting
SKU-004,2025-07-13,9.800604949272525,hist_gradient_boosting
SKU-004,2025-07-14,4.883696406793106,hist_gradient_boosting
SKU-004,2025-07-15,7.0723862705688845,hist_gradient_boosting
SKU-004,2025-07-16,6.782521591458369,hist_gradient_boosting
SKU-004,2025-07-17,5.409813249198281,hist_gradient_boosting
SKU-004,2025-07-18,5.322301959705808,hist_gradient_boosting
SKU-004,2025-07-19,6.742585520215901,hist_gradient_boosting
SKU-004,2025-07-20,6.88022035541451,hist_gradient_boosting
SKU-004,2025-07-21,4.735644915646333,hist_gradient_boosting
SKU-004,2025-07-22,6.707562364043609,hist_gradient_boosting
SKU-004,2025-07-23,5.958766571427807,hist_gradient_boosting
SKU-005,2025-06-24,25.94969824282906,hist_gradient_boosting
SKU-005,2025-06-25,25.06699091292231,hist_gradient_boosting
SKU-005,2025-06-26,26.84304931033778,hist_gradient_boosting
SKU-005,2025-06-27,25.470826972399966,hist_gradient_boosting
SKU-005,2025-06-28,31.135860274074172,hist_gradient_boosting
SKU-005,2025-06-29,34.07750638725707,hist_gradient_boosting
SKU-005,2025-06-30,26.946656436329167,hist_gradient_boosting
SKU-005,2025-07-01,24.532417981750076,hist_gradient_boosting
SKU-005,2025-07-02,24.38275256470665,hist_gradient_boosting
SKU-005,2025-07-03,22.355713063675346,hist_gradient_boosting
SKU-005,2025-07-04,26.948910916929197,hist_gradient_boosting
SKU-005,2025-07-05,33.62533281817948,hist_gradient_boosting
SKU-005,2025-07-06,30.43728667745052,hist_gradient_boosting
SKU-005,2025-07-07,24.117982678388834,hist_gradient_boosting
SKU-005,2025-07-08,24.231678546448165,hist_gradient_boosting
SKU-005,2025-07-09,26.611731564328895,hist_gradient_boosting
SKU-005,2025-07-10,26.7619382332833,hist_gradient_boosting
SKU-005,2025-07-11,23.421249757470015,hist_gradient_boosting
SKU-005,2025-07-12,29.49202436935727,hist_gradient_boosting
SKU-005,2025-07-13,30.5312111588942,hist_gradient_boosting
SKU-005,2025-07-14,24.844057176801293,hist_gradient_boosting
SKU-005,2025-07-15,26.418975554185483,hist_gradient_boosting
SKU-005,2025-07-16,23.51465237155183,hist_gradient_boosting
SKU-005,2025-07-17,23.185585756979915,hist_gradient_boosting
SKU-005,2025-07-18,25.935430999767902,hist_gradient_boosting
SKU-005,2025-07-19,30.205262339244044,hist_gradient_boosting
SKU-005,2025-07-20,30.000924349258117,hist_gradient_boosting
SKU-005,2025-07-21,24.11480871971979,hist_gradient_boosting
SKU-005,2025-07-22,22.135943583065195,hist_gradient_boosting
SKU-005,2025-07-23,25.057903090612385,hist_gradient_boosting
SKU-006,2025-06-24,5.734229357447731,hist_gradient_boosting
SKU-006,2025-06-25,5.13196919566108,hist_gradient_boosting
SKU-006,2025-06-26,5.200186443268388,hist_gradient_boosting
SKU-006,2025-06-27,5.979043431873916,hist_gradient_boosting
SKU-006,2025-06-28,6.884411412940984,hist_gradient_boosting
SKU-006,2025-06-29,6.945773698031332,hist_gradient_boosting
SKU-006,2025-06-30,5.24599641361103,hist_gradient_boosting
SKU-006,2025-07-01,5.9327349401237,hist_gradient_boosting
SKU-006,2025-07-02,5.896995834796835,hist_gradient_boosting
SKU-006,2025-07-03,5.627797402207472,hist_gradient_boosting
SKU-006,2025-07-04,5.761899609317401,hist_gradient_boosting
SKU-006,2025-07-05,7.31197806449529,hist_gradient_boosting
SKU-006,2025-07-06,7.726485580205541,hist_gradient_boosting
SKU-006,2025-07-07,4.969422056428584,hist_gradient_boosting
SKU-006,2025-07-08,6.846558027044617,hist_gradient_boosting
SKU-006,2025-07-09,6.506177555940148,hist_gradient_boosting
SKU-006,2025-07-10,7.282836316281679,hist_gradient_boosting
SKU-006,2025-07-11,7.627135988056762,hist_gradient_boosting
SKU-006,2025-07-12,7.075660368131131,hist_gradient_boosting
SKU-006,2025-07-13,8.435122108121352,hist_gradient_boosting
SKU-006,2025-07-14,5.287034856412552,hist_gradient_boosting
SKU-006,2025-07-15,5.594554225818712,hist_gradient_boosting
SKU-006,2025-07-16,5.861473786286268,hist_gradient_boosting
SKU-006,2025-07-17,6.874546988393731,hist_gradient_boosting
SKU-006,2025-07-18,5.560539844658009,hist_gradient_boosting
SKU-006,2025-07-19,7.7058575862877525,hist_gradient_boosting
SKU-006,2025-07-20,7.842611755315412,hist_gradient_boosting
SKU-006,2025-07-21,4.8062635736788435,hist_gradient_boosting
SKU-006,2025-07-22,4.826676005974479,hist_gradient_boosting
SKU-006,2025-07-23,4.870444407888018,hist_gradient_boosting
SKU-007,2025-06-24,9.873489948767533,hist_gradient_boosting
SKU-007,2025-06-25,10.448028195509952,hist_gradient_boosting
SKU-007,2025-06-26,11.054681252861993,hist_gradient_boosting
SKU-007,2025-06-27,11.654794569714031,hist_gradient_boosting
SKU-007,2025-06-28,13.753212247943027,hist_gradient_boosting
SKU-007,2025-06-29,13.324048687233935,hist_gradient_boosting
SKU-007,2025-06-30,8.80945921004037,hist_gradient_boosting
SKU-007,2025-07-01,11.193906084261053,hist_gradient_boosting
SKU-007,2025-07-02,11.658514754544061,hist_gradient_boosting
SKU-007,2025-07-03,9.61123481586972,hist_gradient_boosting
SKU-007,2025-07-04,8.614369519463844,hist_gradient_boosting
SKU-007,2025-07-05,10.847745598089439,hist_gradient_boosting
SKU-007,2025-07-06,12.004864868955528,hist_gradient_boosting
SKU-007,2025-07-07,11.25339963256503,hist_gradient_boosting
SKU-007,2025-07-08,10.77599424959076,hist_gradient_boosting
SKU-007,2025-07-09,11.029511936722534,hist_gradient_boosting
SKU-007,2025-07-10,10.226798332957602,hist_gradient_boosting
SKU-007,2025-07-11,10.431167711692023,hist_gradient_boosting
SKU-007,2025-07-12,12.873854385946311,hist_gradient_boosting
SKU-007,2025-07-13,12.154516140527996,hist_gradient_boosting
SKU-007,2025-07-14,9.840616904014576,hist_gradient_boosting
SKU-007,2025-07-15,8.132722389537356,hist_gradient_boosting
SKU-007,2025-07-16,9.375879059012911,hist_gradient_boosting
SKU-007,2025-07-17,10.720915794889173,hist_gradient_boosting
SKU-007,2025-07-18,10.351657600116274,hist_gradient_boosting
SKU-007,2025-07-19,11.664416807592826,hist_gradient_boosting
SKU-007,2025-07-20,11.548986644629977,hist_gradient_boosting
SKU-007,2025-07-21,8.652093724744216,hist_gradient_boosting
SKU-007,2025-07-22,9.916727957487963,hist_gradient_boosting
SKU-007,2025-07-23,10.270218456292605,hist_gradient_boosting
SKU-008,2025-06-24,17.930301297450274,hist_gradient_boosting
SKU-008,2025-06-25,16.235287160541972,hist_gradient_boosting
SKU-008,2025-06-26,17.58131240796728,hist_gradient_boosting
SKU-008,2025-06-27,16.738423114317904,hist_gradient_boosting
SKU-008,2025-06-28,21.82652477339043,hist_gradient_boosting
SKU-008,2025-06-29,20.221460629662996,hist_gradient_boosting
SKU-008,2025-06-30,18.41744716241923,hist_gradient_boosting
SKU-008,2025-07-01,18.297991313555876,hist_gradient_boosting
SKU-008,2025-07-02,17.573232580128497,hist_gradient_boosting
SKU-008,2025-07-03,18.779203519809425,hist_gradient_boosting
SKU-008,2025-07-04,20.19604815138804,hist_gradient_boosting
SKU-008,2025-07-05,21.121435524815826,hist_gradient_boosting
SKU-008,2025-07-06,21.349127852549447,hist_gradient_boosting
SKU-008,2025-07-07,18.388579021445775,hist_gradient_boosting
SKU-008,2025-07-08,16.97104602037638,hist_gradient_boosting
SKU-008,2025-07-09,17.40939562895823,hist_gradient_boosting
SKU-008,2025-07-10,18.23641968987043,hist_gradient_boosting
SKU-008,2025-07-11,19.25061538529909,hist_gradient_boosting
SKU-008,2025-07-12,24.627296144316382,hist_gradient_boosting
SKU-008,2025-07-13,22.05672220017279,hist_gradient_boosting
SKU-008,2025-07-14,15.521834017711376,hist_gradient_boosting
SKU-008,2025-07-15,17.14470555549911,hist_gradient_boosting
SKU-008,2025-07-16,15.716899805358914,hist_gradient_boosting
SKU-008,2025-07-17,18.37459423728017,hist_gradient_boosting
SKU-008,2025-07-18,18.843576672998626,hist_gradient_boosting
SKU-008,2025-07-19,26.617418658540725,hist_gradient_boosting
SKU-008,2025-07-20,20.504232231109068,hist_gradient_boosting
SKU-008,2025-07-21,15.622587967117436,hist_gradient_boosting
SKU-008,2025-07-22,15.714504895315734,hist_gradient_boosting
SKU-008,2025-07-23,15.361655745861922,hist_gradient_boosting
