sku_id,model,mae,rmse,wape
SKU-001,naive,6.25,7.55219930124426,0.4430379746835443
SKU-001,seasonal_naive,4.607142857142857,5.778655305765966,0.3265822784810127
SKU-001,moving_average_7,4.039071517131949,4.783456483482621,0.2863139303283407
SKU-001,hist_gradient_boosting,3.9136295625982234,4.638058288422771,0.27742184241202594
SKU-002,naive,5.5,7.240757655699535,0.2916666666666667
SKU-002,seasonal_naive,5.714285714285714,7.435436388384631,0.30303030303030304
SKU-002,moving_average_7,6.101122572987384,7.003599181272496,0.32354437887054305
SKU-002,hist_gradient_boosting,3.866941114937458,4.884918153442428,0.20506505912547127
SKU-003,naive,2.857142857142857,3.494894235064305,0.31496062992125984
SKU-003,seasonal_naive,5.428571428571429,7.060959060718512,0.5984251968503937
SKU-003,moving_average_7,5.494852230895454,6.217720768007383,0.6057317419884752
SKU-003,hist_gradient_boosting,2.948724522530855,3.7563774103089704,0.3250562465782045
SKU-004,naive,2.107142857142857,2.55650430973904,0.31891891891891894
SKU-004,seasonal_naive,2.8214285714285716,3.7843663368427443,0.42702702702702705
SKU-004,moving_average_7,2.138458208084723,2.5470686497641877,0.3236585396020122
SKU-004,hist_gradient_boosting,2.245098692180041,2.7375645167498193,0.33979872097860075
SKU-005,naive,6.035714285714286,7.6927609756557125,0.20838471023427868
SKU-005,seasonal_naive,5.678571428571429,7.063487604778333,0.1960542540073983
SKU-005,moving_average_7,6.786319211977264,8.157887121989527,0.2342995535577847
SKU-005,hist_gradient_boosting,5.012841442018069,6.872877564420812,0.17306974152466822
SKU-006,naive,2.5,3.1396087108337016,0.3763440860215054
SKU-006,seasonal_naive,3.357142857142857,4.2594432902501635,0.5053763440860215
SKU-006,moving_average_7,2.21575432093092,2.900526613293814,0.3335544139035793
SKU-006,hist_gradient_boosting,2.449579526851182,3.020998341630792,0.3687539072679199
SKU-007,naive,3.1785714285714284,4.127434346626762,0.2755417956656347
SKU-007,seasonal_naive,3.6785714285714284,5.116499919727492,0.3188854489164087
SKU-007,moving_average_7,3.5422849786401964,4.500753699114037,0.30707114365921206
SKU-007,hist_gradient_boosting,2.633302506575327,3.7078213130589996,0.22827390149878998
SKU-008,naive,9.071428571428571,11.012979355547449,0.45357142857142857
SKU-008,seasonal_naive,4.142857142857143,5.154748157905347,0.20714285714285716
SKU-008,moving_average_7,5.236345770853653,6.367365933461998,0.26181728854268266
SKU-008,hist_gradient_boosting,5.381998730106731,6.059640709773926,0.26909993650533653
ALL,hist_gradient_boosting,3.5565145122247364,4.661125161930657,0.24573079911731677
ALL,moving_average_7,4.444276101437692,5.621874436042928,0.30706904587354816
ALL,naive,4.6875,6.47660625416032,0.32387415175817397
ALL,seasonal_naive,4.428571428571429,5.848534615000338,0.30598396051819865
